emotion.negative,emotion.positive,relation.person,relation.conflict,relation.cheated,relation.divorce,relation.love,relation.birth,relation.loss,relation.rejection,relation.family_shaming,relation.reunion,abuse.physical,abuse.mental,abuse.sexual,self_critical,,,,,
abandoned,Able,Husband ,fight,betray,divorce,love,pregnancy,death,elimination,embarrassment,reuniting ,torture,pressurise,molesstation ,fat ,,,,,
abused,Absolved,wife,arguments,bluff,divorcement,loving,pregnant,lost,exclusion,abashment,assembly,inflicting pain,coerce,harassment,thin,,,,,
accused,Abundant,spouse,disagree,burn,disassociate,partner,child-bearing,died,repudiation,confusion,get-together,torment,push,molest,ugly,,,,,
addicted,Accelerated,child,contend,cheat,dissociate,affection,impregnation,die,veto,discomfiture,making up,put on rack,curse,harass ,uglier ,,,,,emotion.negative
afraid,Acceptable,daughter,fued,chisel,divorce,loved,fertilization,pass away,bounce,disconcertment,homecoming,ill treat,peer pressure,sexual abuse,ugliest,,,,,emotion.positive
aggravated,Accepted,son,squabble,con,disunite,passionate,birth,decease,brush-off,fluster,reconciliation,punishment,brainwash,rape,hidious,,,,,relation.person
aggressive,Accepting,mother,quarrel,double-cross,disjoint,intimacy,give birth,expire,dismissal,mortification,return,abuse ,pester,violate,unattractive,,,,,relation.conflict (self other)
alone,Accomplished,father,battle,deceive,divorce,attachment,labor,bereavement,nix,shame,arriving ,harsh treatment,persuade,attack,overweight,,,,,relation.cheated
angry,Accountable,dad ,clash,delude,split_up,endearment,Child birth,casualty,pass,guilt,debarkation,punish,bully,hurt,bulky,,,,,relation.divorce
anguish,Achieving,daddy,competition,dupe,breakup,smitten,parturiency,demise,rebuff,humiliation,alighting ,persecution,bludgeon,harm,plump,,,,,relation.love
annoyed,Active,mommy,combat,entice,decouple,infatuated with,conception,annihilation,renunciation,chagrin,meet,maltreatment,bulldoze,injure,chubby,,,,,relation.birth
anxious,Adaptable,mom ,strife,exploit,disassociate,besotted with,begetting,cease,turndown,agitation,date,maltreat,harry,assault,skinny,,,,,relation.loss (self other)
apprehensive,Adequate,mum,struggle,finesse,disconnect,liking,breeding,cessation,cold shoulder ,chagrin,session,wound,intimidate,maul,bony,,,,,relation.rejection
argumentative,Admirable,mummy,war,flimflam,disjoin,inclination,generation,parting,disallowance,discomfort,meeting ,persectue,prod,grope,scraggy,,,,,relation.family_shaming
artificial,Admired,parents,collision,gyp,disjoint,fondness,procreation,rest in peace,hard time ,discomposure,gathering ,scourge,constrain,paw,piece of shit,,,,,relation.reunion
ashamed,Adored,guardian,contention,hoodwink,dissever,lust,siring,be no more,kick in teeth ,dismay,social gathering ,afflict,dragoon,goose,bitch,,,,,abuse.physical
assaulted,Affluent,colleague,contest,impose on,dissociate,desire,spawning,depart,no dice,disquiet,associate,victimize,insulting,taking advantage,stupid,,,,,abuse.mental
at a loss,Agreeable,partner,emulation,jockey,disunite,ardour,parturient,succumb,no go ,distress,soiree,bully,ignoring,,useless hopeless,,,,,abuse.sexual
at risk,Agreeable,friend,encounter,juggle,divide,yearning,prenatal,perish,no way,disturbance,unification,crucify,isolating,,worthless,,,,,
atrocious,Alert,companion,fracas,lure,separate,adulation,childbearing,breathe one's last,nothing doing ,perturbation,bee ,mortify,humilialting,,hopeless,,,,,
attacked,Ambitious,s/o,fray,manipulate,part,besottedness,gestational,drop off,slap in the face,unease,social,rack,excluding,,foolish,,,,,
avoided,Amenable,significant other,striving,mislead,ramify,romance,brooding,curtains,thumbs down,uneasiness,barbecue,infliction of anguish,abandonment,,coward,,,,,
awful,Amused,bride,tug-of-war,play,resolve,love-affair,conceiving,decease,disapproval,upset,convention,harrow,critisizing,,hairy,,,,,
awkward,Appreciated,bride groom,disagreement,play for a sucker,sever,affair,impregnated,demise,dismissing,disgrace,bringing together,plague,disrespecting,,stinky,,,,,
bad,Approving,groom,discord,rook,split,liaison,,dissolution,no way,ignominy,event ,agonize,emotional abuse,,fatty,,,,,
badgered,Assertive,mistress,dissension,rope in,sunder,amour,,doom,refusing ,shame,old friends get together ,curse,verbal vomit,,underweight,,,,,
baffled,Assured,soulmate,enmity,scam,uncouple,Liefde,,end,rejecting ,debasement,matinee,excruciate,fat shaming,,unworthy,,,,,
banned,At ease,boyfriend,debate,seduce,unlink,Amor,,exit,rejection,degradation,business meeting ,cause suffering,body shaming,,crap ,,,,,
barren,Attached,girlfriend,controversy,shave,unyoke,Armastus,,expiration,retraction,humiliation,conversazione ,thrust,manipulation,,shit,,,,,
beat,Attentive,family,conflict,snow,breakdown,Pag-ibig,,expiry,repudiating,mortification,infare,beating,dominate,,,,,,,
beaten down,Attractive,sister,dispute,stick,decompose,Rakkaus,,grave,renouncement,,class reunion,beat,domination,,,,,,,
belittled,Authentic,brother,crusade,string along ,disassemble,L'amour,,great divide,refutal,,alumni reunion weekend ,,demean,,,,,,,
berated,Awake,grandmother,break,suck in,disintegrate,Liebe,,passage,refutation,,affecting reunion,,disregarding,,,,,,,
betrayed,Aware,grandfather,brawl,take ,dissolve,Szerelem,,passing,banishment ,,grand meeting ,,insensitive comment,,,,,,,
bitched at,Awesome,grandma,concussion,take in,bifurcate,Ast,,quietus,abandonment ,,,,belittle,,,,,,,
bitter,Balanced,grandpa,confrontation,trick,bisect,Cinta,,casualty,forgoing ,,,,trivialize,,,,,,,
bizzare,Beautiful,aunt,difference of opinion,humbug,cleave,Gra,,fatality,forsaking ,,,,disengaging,,,,,,,
blacklisted,Believing,aunty,discordance,illude,dichotomize,Amore,,martyrdom,avoidance ,,,,emotional trauma,,,,,,,
blackmailed,Blessed,uncle,disharmony,swindle,dissect,soft spot,,self-destruction,turning away,,,,blame game,,,,,,,
blamed,Blissful,grandson,donnybrook,stab in the back,fractionalize,mad for,,self-murder,not,,,,,,,,,,,
bleak,Bonded,granddaughter,embroilment ,two-time,fractionate,madly in love,,self-slaughter,dont,,,,,,,,,,,
blown away,Brave,nephew,fray,chicane ,halve,fidelity,,suicide,wont,,,,,,,,,,,
blur,Bright,niece,have a go at each other,bamboozle,partition,fling,,annihilation,cannot,,,,,,,,,,,
bored,Brilliant,sibling,impact,diddle,quarter,had a thing,,destruction,cant,,,,,,,,,,,
boring,Calm,cousin,jolt,fox,segment,intimacy,,ending,,,,,,,,,,,,
bossed-around,Capable,stepmother,misunderstanding ,fake out,subdivide,hanky-panky,,extermination,,,,,,,,,,,,
bothered,Captivated,stepmom,opposition,gull,trisect,affaire,,assassination,,,,,,,,,,,,
bothersome,Cared For,stepfather,rift,hoax,fragment,closeness,,execution,,,,,,,,,,,,
bounded,Careful,stepdad,riot,jive,fragmentate,relationship,,killing,,,,,,,,,,,,
boxed-in,Caring,stepson,rumpus,juke,fragmentize,flirt,,massacre,,,,,,,,,,,,
broken,Cautious,stepdaughter,run-in,lead on,break,marriage,,slaughter,,,,,,,,,,,,
bruised,Centered,stepsister,rupture,darnel,fracture,hookup,,,,,,,,,,,,,,
brushed-off,Certain,stepbrother,scrape,tare,pull,kinship,,,,,,,,,,,,,,
bugged,Cheerful,father-in-law,scrimmage,bearded_darnel,rend,miss,,,,,,,,,,,,,,
bullied,Cherished,mother-in-law,set-to,cheat,rift,missing,,,,,,,,,,,,,,
bummed,Clean,sister-in-law,shock,lolium_temulentum,rip,,,,,,,,,,,,,,,
bummed out,Clear,son-in-law,showdown,chess,rive,,,,,,,,,,,,,,,
burdened,Collected,daughter-in-law,skirmish,cheat,rupture,,,,,,,,,,,,,,,
burdensome,Comfortable,in-laws,smash,bromus_secalinus,tear,,,,,,,,,,,,,,,
burned,Comforted,widower,wallop,deceiver,cut off,,,,,,,,,,,,,,,
burned-out,Committed,grandchild,battle,cheat,insulate,,,,,,,,,,,,,,,
caged in,Compassionate,teacher,conflict,cheater,isolate,,,,,,,,,,,,,,,
careless,Complete,doctor,fight,trickster,seclude,,,,,,,,,,,,,,,
chaotic,Composed,employee,engagement,beguiler,segregate,,,,,,,,,,,,,,,
chased,Comprehending,employer,fight,slicker,sequester,,,,,,,,,,,,,,,
cheated,Confident,manager,fighting,swindle,detach,,,,,,,,,,,,,,,
cheated on,Congruent,helper,combat,cheat,disengage,,,,,,,,,,,,,,,
chicken,Connected,HR,scrap,rig,disentangle,,,,,,,,,,,,,,,
claustrophobic,Conscious,boss,competitiveness,cheat,unravel,,,,,,,,,,,,,,,
clingy,Constant,leader,fight,cheating,untie,,,,,,,,,,,,,,,
closed,Content,students,fight,cheat,part,,,,,,,,,,,,,,,
clueless,Cooperative,mentor,fight,rip_off,,,,,,,,,,,,,,,,
clumsy,Courageous,baby,contend,chisel,,,,,,,,,,,,,,,,
coaxed,Credible,fiancee,fight,cheat,,,,,,,,,,,,,,,,
codependent,Daring,fiance,struggle,chouse,,,,,,,,,,,,,,,,
coerced,Decisive,grandchildren,fight,shaft,,,,,,,,,,,,,,,,
cold,Defended,half-brother,oppose,screw,,,,,,,,,,,,,,,,
cold-hearted,Delighted,half-sister,fight_back,chicane,,,,,,,,,,,,,,,,
combative,Dependable,twin,fight_down,jockey,,,,,,,,,,,,,,,,
commanded,Desirable,kid,defend,cheat,,,,,,,,,,,,,,,,
compared,Dignified,couple,fight,chisel,,,,,,,,,,,,,,,,
competitive,Discerning,ex-husband,struggle,cheat_on,,,,,,,,,,,,,,,,
compulsive,Disciplined,ex-wife,crusade,cheat,,,,,,,,,,,,,,,,
conceited,Distinguished,ex-boyfriend,fight,cuckold,,,,,,,,,,,,,,,,
concerned,Dutiful,ex-girlfriend,press,betray,,,,,,,,,,,,,,,,
condescended to,Dynamic,physician,campaign,wander,,,,,,,,,,,,,,,,
confined,Eager,therapist,push,,,,,,,,,,,,,,,,,
conflicted,Easy-going,dad,agitate,,,,,,,,,,,,,,,,,
confronted,Ecstatic,dada,,,,,,,,,,,,,,,,,,
confused,Edified,daddy,,,,,,,,,,,,,,,,,,
conned,Efficient,pa,,,,,,,,,,,,,,,,,,
consumed,Elated,papa,,,,,,,,,,,,,,,,,,
contemplative,Elegant,pappa,,,,,,,,,,,,,,,,,,
contempt,Elevated,pop,,,,,,,,,,,,,,,,,,
contentious,Emancipated,ma,,,,,,,,,,,,,,,,,,
controlled,Empowered,mama,,,,,,,,,,,,,,,,,,
convicted,Encouraged,mamma,,,,,,,,,,,,,,,,,,
cornered,Energetic,mom,,,,,,,,,,,,,,,,,,
corralled,Energized,momma,,,,,,,,,,,,,,,,,,
cowardly,Enthusiastic,mommy,,,,,,,,,,,,,,,,,,
crabby,Euphoric,mammy,,,,,,,,,,,,,,,,,,
cramped,Exceptional,mum,,,,,,,,,,,,,,,,,,
cranky,Excited,mummy,,,,,,,,,,,,,,,,,,
crap,Exhilarated,brother,,,,,,,,,,,,,,,,,,
crappy,Experienced,blood_brother,,,,,,,,,,,,,,,,,,
crazy,Expressive,brother,,,,,,,,,,,,,,,,,,
creeped out,Exuberant,buddy,,,,,,,,,,,,,,,,,,
creepy,Faith,brother,,,,,,,,,,,,,,,,,,
critical,Fantastic,chum,,,,,,,,,,,,,,,,,,
criticized,Favored,crony,,,,,,,,,,,,,,,,,,
cross,Firm,pal,,,,,,,,,,,,,,,,,,
crowded,Flexible,sidekick,,,,,,,,,,,,,,,,,,
cruddy,Flowing,brother,,,,,,,,,,,,,,,,,,
crummy,Focused,comrade,,,,,,,,,,,,,,,,,,
crushed,Forceful,brother,,,,,,,,,,,,,,,,,,
cut-down,Forgiven,sister,,,,,,,,,,,,,,,,,,
cut-off,Fortified,sis,,,,,,,,,,,,,,,,,,
cynical,Fortunate,sister,,,,,,,,,,,,,,,,,,
damaged,Free,sister,,,,,,,,,,,,,,,,,,
damned,Friendly,baby,,,,,,,,,,,,,,,,,,
dangerous,Fulfilled,babe,,,,,,,,,,,,,,,,,,
dark,Gentle,sister,,,,,,,,,,,,,,,,,,
dazed,Genuine,teacher,,,,,,,,,,,,,,,,,,
dead,Gifted,instructor,,,,,,,,,,,,,,,,,,
deceived,Glowing,teacher,,,,,,,,,,,,,,,,,,
deep,Good-natured,lover,,,,,,,,,,,,,,,,,,
defamed,Graceful,fan,,,,,,,,,,,,,,,,,,
defeated,Gracious,buff,,,,,,,,,,,,,,,,,,
defective,Gratified,devotee,,,,,,,,,,,,,,,,,,
defenseless,Grounded,lover,,,,,,,,,,,,,,,,,,
defensive,Growing,lover,,,,,,,,,,,,,,,,,,
defiant,Guarded,boyfriend,,,,,,,,,,,,,,,,,,
deficient,Happy,fellow,,,,,,,,,,,,,,,,,,
deflated,Harmonious,beau,,,,,,,,,,,,,,,,,,
degraded,Healed,swain,,,,,,,,,,,,,,,,,,
dehumanized,Helpful,young_man,,,,,,,,,,,,,,,,,,
dejected,Heroic,him,,,,,,,,,,,,,,,,,,
delicate,High,he,,,,,,,,,,,,,,,,,,
deluded,Honest,she,,,,,,,,,,,,,,,,,,
demanding,Honorable,they,,,,,,,,,,,,,,,,,,
demeaned,Honored,him,,,,,,,,,,,,,,,,,,
demented,Hopeful,her,,,,,,,,,,,,,,,,,,
demoralized,Humble,them,,,,,,,,,,,,,,,,,,
demotivated,Humorous,their,,,,,,,,,,,,,,,,,,
dependent,Important,his,,,,,,,,,,,,,,,,,,
depleted,In control,youth,,,,,,,,,,,,,,,,,,
depraved,Included,youngsters,,,,,,,,,,,,,,,,,,
depressed,Independent,youngest,,,,,,,,,,,,,,,,,,
deprived,Infatuated,younger sister,,,,,,,,,,,,,,,,,,
deserted,Influential,younger brother,,,,,,,,,,,,,,,,,,
deserving of pain/punishment,Innocent,young one,,,,,,,,,,,,,,,,,,
desolate,Inspired,wives,,,,,,,,,,,,,,,,,,
despair,Intelligent,wife,,,,,,,,,,,,,,,,,,
despairing,Interested,widower,,,,,,,,,,,,,,,,,,
desperate,Invigorated,village,,,,,,,,,,,,,,,,,,
despicable,Invincible,upbringing,,,,,,,,,,,,,,,,,,
despised,Invited,uncles,,,,,,,,,,,,,,,,,,
destroyed,Jovial,uncle,,,,,,,,,,,,,,,,,,
destructive,Joyful,tribe,,,,,,,,,,,,,,,,,,
detached,Jubilant,thugs,,,,,,,,,,,,,,,,,,
detest,Judicious,teens,,,,,,,,,,,,,,,,,,
detestable,Kind,teenagers,,,,,,,,,,,,,,,,,,
detested,Learning,teacher,,,,,,,,,,,,,,,,,,
devalued,Liberated,suburbs,,,,,,,,,,,,,,,,,,
devastated,Light,suburban,,,,,,,,,,,,,,,,,,
deviant,Lighthearted,students,,,,,,,,,,,,,,,,,,
devoid,Loose,student,,,,,,,,,,,,,,,,,,
diagnosed,Loved,strangers,,,,,,,,,,,,,,,,,,
dictated to,Loyal,stranger,,,,,,,,,,,,,,,,,,
different,Lucky,spouses,,,,,,,,,,,,,,,,,,
difficult,Magnetic,spouse,,,,,,,,,,,,,,,,,,
directionless,Marvelous,special,,,,,,,,,,,,,,,,,,
dirty,Masterful,sons,,,,,,,,,,,,,,,,,,
disabled,Mature,son,,,,,,,,,,,,,,,,,,
disagreeable,Meek,someone,,,,,,,,,,,,,,,,,,
disappointed,Merciful,sisters,,,,,,,,,,,,,,,,,,
disappointing,Methodical,sister,,,,,,,,,,,,,,,,,,
disapproved of,Mindful,sis,,,,,,,,,,,,,,,,,,
disbelieved,Modest,siblings,,,,,,,,,,,,,,,,,,
discardable,Motivated,sibling,,,,,,,,,,,,,,,,,,
discarded,Neat,servants,,,,,,,,,,,,,,,,,,
disconnected,Noble,roommates,,,,,,,,,,,,,,,,,,
discontent,Non-judgmental,roommate,,,,,,,,,,,,,,,,,,
discouraged,Observant,relatives,,,,,,,,,,,,,,,,,,
discriminated,Open,relative,,,,,,,,,,,,,,,,,,
disdain,Open Hearted,relationship,,,,,,,,,,,,,,,,,,
disdainful,Organized,puppy,,,,,,,,,,,,,,,,,,
disempowered,Outgoing,plight,,,,,,,,,,,,,,,,,,
disenchanted,Pacified,pet,,,,,,,,,,,,,,,,,,
disgraced,Pampered,people,,,,,,,,,,,,,,,,,,
disgruntled,Pardoned,peers,,,,,,,,,,,,,,,,,,
disgust,Passionate,patients,,,,,,,,,,,,,,,,,,
disgusted,Patient,patient,,,,,,,,,,,,,,,,,,
disheartened,Peaceful,partners,,,,,,,,,,,,,,,,,,
dishonest,Perfect,partner,,,,,,,,,,,,,,,,,,
dishonorable,Persevering,parrots,,,,,,,,,,,,,,,,,,
disillusioned,Pleasant,parrot,,,,,,,,,,,,,,,,,,
dislike,Pleased,parents,,,,,,,,,,,,,,,,,,
disliked,Popular,parent,,,,,,,,,,,,,,,,,,
dismal,Positive,pappa,,,,,,,,,,,,,,,,,,
dismayed,Powerful,pals,,,,,,,,,,,,,,,,,,
disorganized,Praised,pal,,,,,,,,,,,,,,,,,,
disoriented,Precious,pa,,,,,,,,,,,,,,,,,,
disowned,Prepared,owners,,,,,,,,,,,,,,,,,,
displeased,Present,orphaned,,,,,,,,,,,,,,,,,,
disposable,Productive,niece,,,,,,,,,,,,,,,,,,
disregarded,Proficient,nephew,,,,,,,,,,,,,,,,,,
disrespected,Progressive,neighbours,,,,,,,,,,,,,,,,,,
dissatisfied,Prosperous,neighbourhood,,,,,,,,,,,,,,,,,,
distant,Protected,neighbors,,,,,,,,,,,,,,,,,,
distracted,Prudent,neighbor,,,,,,,,,,,,,,,,,,
distraught,Punctual,mum,,,,,,,,,,,,,,,,,,
distressed,Purified,mothers,,,,,,,,,,,,,,,,,,
disturbed,Purposeful,mother,,,,,,,,,,,,,,,,,,
dizzy,Qualified,mommy,,,,,,,,,,,,,,,,,,
dominated,Quick,mom,,,,,,,,,,,,,,,,,,
doomed,Radiant,members,,,,,,,,,,,,,,,,,,
double-crossed,Rational,member,,,,,,,,,,,,,,,,,,
doubted,Reasonable,mates,,,,,,,,,,,,,,,,,,
doubtful,Reassured,mamma,,,,,,,,,,,,,,,,,,
down,Receptive,ma,,,,,,,,,,,,,,,,,,
down and out,Recognized,love,,,,,,,,,,,,,,,,,,
down in the dumps,Redeemed,losers,,,,,,,,,,,,,,,,,,
downhearted,Regenerated,little one,,,,,,,,,,,,,,,,,,
downtrodden,Relaxed,kitten,,,,,,,,,,,,,,,,,,
drained,Release,kids,,,,,,,,,,,,,,,,,,
dramatic,Reliable,kid,,,,,,,,,,,,,,,,,,
dread,Relief,infant,,,,,,,,,,,,,,,,,,
dreadful,Relieved,idiots,,,,,,,,,,,,,,,,,,
dreary,Remembered,idiot,,,,,,,,,,,,,,,,,,
dropped,Replenished,husbands,,,,,,,,,,,,,,,,,,
drunk,Resolute,husband,,,,,,,,,,,,,,,,,,
dry,Respected,household,,,,,,,,,,,,,,,,,,
dumb,Respectful,house,,,,,,,,,,,,,,,,,,
dumped,Responsive,honeymoon,,,,,,,,,,,,,,,,,,
dumped on,Restored,hometown,,,,,,,,,,,,,,,,,,
duped,Revitalized,homes,,,,,,,,,,,,,,,,,,
edgy,Rewarded,hamster,,,,,,,,,,,,,,,,,,
egocentric,Rooted,guy,,,,,,,,,,,,,,,,,,
egotistic,Satisfied,guests,,,,,,,,,,,,,,,,,,
egotistical,Secure,guest,,,,,,,,,,,,,,,,,,
elusive,Selfless,granny,,,,,,,,,,,,,,,,,,
emancipated,Self Reliant,grandsons,,,,,,,,,,,,,,,,,,
emasculated,Sensational,grandson,,,,,,,,,,,,,,,,,,
embarrassed,Sensible,grandparents,,,,,,,,,,,,,,,,,,
emotional,Sensitive,grandmum,,,,,,,,,,,,,,,,,,
emotionless,Serene,grandmother,,,,,,,,,,,,,,,,,,
emotionally bankrupt,Settled,grandmom,,,,,,,,,,,,,,,,,,
empty,Sharing,grandma,,,,,,,,,,,,,,,,,,
encumbered,Simple,grandfather,,,,,,,,,,,,,,,,,,
endangered,Skillful,granddaughters,,,,,,,,,,,,,,,,,,
enraged,Smooth,granddaughter,,,,,,,,,,,,,,,,,,
enslaved,Soothed,granddad,,,,,,,,,,,,,,,,,,
entangled,Spirited,grandchildren,,,,,,,,,,,,,,,,,,
evaded,Splendid,girls,,,,,,,,,,,,,,,,,,
evasive,Stable,girlfriends,,,,,,,,,,,,,,,,,,
evicted,Steadfast,girlfriend,,,,,,,,,,,,,,,,,,
excessive,Strengthened,girl,,,,,,,,,,,,,,,,,,
excluded,Strong,gfs,,,,,,,,,,,,,,,,,,
exhausted,Successful,gf,,,,,,,,,,,,,,,,,,
exploited,Supported,gang,,,,,,,,,,,,,,,,,,
exposed,Sustained,friends,,,,,,,,,,,,,,,,,,
failful *,Tactful,friend,,,,,,,,,,,,,,,,,,
fake,Teachable,folks,,,,,,,,,,,,,,,,,,
FALSE,Temperate,flatmate,,,,,,,,,,,,,,,,,,
fear,Tenacious,fish,,,,,,,,,,,,,,,,,,
fearful,Tender,fiancee,,,,,,,,,,,,,,,,,,
fed up,Thankful,fiance,,,,,,,,,,,,,,,,,,
flawed,Thoughtful,fellows,,,,,,,,,,,,,,,,,,
forced,Thrilled,fellow,,,,,,,,,,,,,,,,,,
forgetful,Tolerant,favourites,,,,,,,,,,,,,,,,,,
forgettable,Tranquil,fathers,,,,,,,,,,,,,,,,,,
forgotten,Triumphant,father,,,,,,,,,,,,,,,,,,
fragile,Trust,family,,,,,,,,,,,,,,,,,,
freaked out,Trusting,families,,,,,,,,,,,,,,,,,,
frightened,Unbiased,everyone,,,,,,,,,,,,,,,,,,
frigid,Understanding,everybody,,,,,,,,,,,,,,,,,,
frustrated,Understood,estranged,,,,,,,,,,,,,,,,,,
furious,Undisturbed,enemy,,,,,,,,,,,,,,,,,,
gloomy,Unhurried,enemies,,,,,,,,,,,,,,,,,,
glum,Unique,employees,,,,,,,,,,,,,,,,,,
gothic,United,elder sister,,,,,,,,,,,,,,,,,,
grey,Unselfish,elder brother,,,,,,,,,,,,,,,,,,
grief,Upheld,elder,,,,,,,,,,,,,,,,,,
grim,Valiant,dogs,,,,,,,,,,,,,,,,,,
gross,Valuable,dog,,,,,,,,,,,,,,,,,,
grossed-out,Valued,doctor,,,,,,,,,,,,,,,,,,
grotesque,Virile,daughters,,,,,,,,,,,,,,,,,,
grouchy,Vital,daughter,,,,,,,,,,,,,,,,,,
grounded,Warm,dads,,,,,,,,,,,,,,,,,,
grumpy,Wealthy,daddy,,,,,,,,,,,,,,,,,,
guilt-tripped,Willing,dad,,,,,,,,,,,,,,,,,,
guilty,Wise,customers,,,,,,,,,,,,,,,,,,
harassed,Wonderful,cousins,,,,,,,,,,,,,,,,,,
hard,Worthwhile,cousin,,,,,,,,,,,,,,,,,,
hard-hearted,Worthy,couples,,,,,,,,,,,,,,,,,,
harmed,Yielding,couple,,,,,,,,,,,,,,,,,,
hassled,Zealous,comrades,,,,,,,,,,,,,,,,,,
hate,,competitors,,,,,,,,,,,,,,,,,,
hateful,,companions,,,,,,,,,,,,,,,,,,
hatred,,community,,,,,,,,,,,,,,,,,,
haunted,,colleagues,,,,,,,,,,,,,,,,,,
heartbroken,,co-workers,,,,,,,,,,,,,,,,,,
heartless,,clients,,,,,,,,,,,,,,,,,,
heavy-hearted,,classmates,,,,,,,,,,,,,,,,,,
helpless,,classmate,,,,,,,,,,,,,,,,,,
hesitant,,clan,,,,,,,,,,,,,,,,,,
hideous,,children,,,,,,,,,,,,,,,,,,
hindered,,childhood,,,,,,,,,,,,,,,,,,
hopeless,,child,,,,,,,,,,,,,,,,,,
horrible,,cats,,,,,,,,,,,,,,,,,,
horrified,,cat,,,,,,,,,,,,,,,,,,
horror,,campers,,,,,,,,,,,,,,,,,,
hostile,,buddy,,,,,,,,,,,,,,,,,,
hot-tempered,,buddies,,,,,,,,,,,,,,,,,,
humiliated,,brothers,,,,,,,,,,,,,,,,,,
hung up,,brother,,,,,,,,,,,,,,,,,,
hung over,,bro,,,,,,,,,,,,,,,,,,
hurried,,boys,,,,,,,,,,,,,,,,,,
hurt,,boyhood,,,,,,,,,,,,,,,,,,
hysterical,,boyfriends,,,,,,,,,,,,,,,,,,
idiotic,,boyfriend,,,,,,,,,,,,,,,,,,
ignorant,,boy,,,,,,,,,,,,,,,,,,
ignored,,boss,,,,,,,,,,,,,,,,,,
ill,,bf,,,,,,,,,,,,,,,,,,
ill-tempered,,baby,,,,,,,,,,,,,,,,,,
imbalanced,,aunts,,,,,,,,,,,,,,,,,,
imposed-upon,,aunt,,,,,,,,,,,,,,,,,,
impotent,,affluent,,,,,,,,,,,,,,,,,,
imprisoned,,acquaintances,,,,,,,,,,,,,,,,,,
impulsive,,acquaintance,,,,,,,,,,,,,,,,,,
in the dumps,,,,,,,,,,,,,,,,,,,,
in the way,,,,,,,,,,,,,,,,,,,,
inactive,,,,,,,,,,,,,,,,,,,,
inadequate,,,,,,,,,,,,,,,,,,,,
incapable,,,,,,,,,,,,,,,,,,,,
incommunicative,,,,,,,,,,,,,,,,,,,,
incompetent,,,,,,,,,,,,,,,,,,,,
incompatible,,,,,,,,,,,,,,,,,,,,
incomplete,,,,,,,,,,,,,,,,,,,,
incorrect,,,,,,,,,,,,,,,,,,,,
indecisive,,,,,,,,,,,,,,,,,,,,
indifferent,,,,,,,,,,,,,,,,,,,,
indoctrinated,,,,,,,,,,,,,,,,,,,,
inebriated,,,,,,,,,,,,,,,,,,,,
ineffective,,,,,,,,,,,,,,,,,,,,
inefficient,,,,,,,,,,,,,,,,,,,,
inferior,,,,,,,,,,,,,,,,,,,,
infuriated,,,,,,,,,,,,,,,,,,,,
inhibited,,,,,,,,,,,,,,,,,,,,
inhumane,,,,,,,,,,,,,,,,,,,,
injured,,,,,,,,,,,,,,,,,,,,
injusticed,,,,,,,,,,,,,,,,,,,,
insane,,,,,,,,,,,,,,,,,,,,
insecure,,,,,,,,,,,,,,,,,,,,
insignificant,,,,,,,,,,,,,,,,,,,,
insincere,,,,,,,,,,,,,,,,,,,,
insufficient,,,,,,,,,,,,,,,,,,,,
insulted,,,,,,,,,,,,,,,,,,,,
intense,,,,,,,,,,,,,,,,,,,,
interrogated,,,,,,,,,,,,,,,,,,,,
interrupted,,,,,,,,,,,,,,,,,,,,
intimidated,,,,,,,,,,,,,,,,,,,,
intoxicated,,,,,,,,,,,,,,,,,,,,
invalidated,,,,,,,,,,,,,,,,,,,,
invisible,,,,,,,,,,,,,,,,,,,,
irrational,,,,,,,,,,,,,,,,,,,,
irritable,,,,,,,,,,,,,,,,,,,,
irritated,,,,,,,,,,,,,,,,,,,,
isolated,,,,,,,,,,,,,,,,,,,,
jaded,,,,,,,,,,,,,,,,,,,,
jealous,,,,,,,,,,,,,,,,,,,,
jerked around,,,,,,,,,,,,,,,,,,,,
joyless,,,,,,,,,,,,,,,,,,,,
judged,,,,,,,,,,,,,,,,,,,,
kept apart,,,,,,,,,,,,,,,,,,,,
kept away,,,,,,,,,,,,,,,,,,,,
kept in,,,,,,,,,,,,,,,,,,,,
kept out,,,,,,,,,,,,,,,,,,,,
kept quiet,,,,,,,,,,,,,,,,,,,,
labeled,,,,,,,,,,,,,,,,,,,,
laughable,,,,,,,,,,,,,,,,,,,,
laughed at,,,,,,,,,,,,,,,,,,,,
lazy,,,,,,,,,,,,,,,,,,,,
leaned on,,,,,,,,,,,,,,,,,,,,
lectured to,,,,,,,,,,,,,,,,,,,,
left out,,,,,,,,,,,,,,,,,,,,
let down,,,,,,,,,,,,,,,,,,,,
lied about,,,,,,,,,,,,,,,,,,,,
lied to,,,,,,,,,,,,,,,,,,,,
limited,,,,,,,,,,,,,,,,,,,,
little,,,,,,,,,,,,,,,,,,,,
lonely,,,,,,,,,,,,,,,,,,,,
lonesome,,,,,,,,,,,,,,,,,,,,
longing,,,,,,,,,,,,,,,,,,,,
lost,,,,,,,,,,,,,,,,,,,,
lousy,,,,,,,,,,,,,,,,,,,,
loveless,,,,,,,,,,,,,,,,,,,,
low,,,,,,,,,,,,,,,,,,,,
mad,,,,,,,,,,,,,,,,,,,,
made fun of,,,,,,,,,,,,,,,,,,,,
man handled,,,,,,,,,,,,,,,,,,,,
manipulated,,,,,,,,,,,,,,,,,,,,
masochistic,,,,,,,,,,,,,,,,,,,,
messed with,,,,,,,,,,,,,,,,,,,,
messed up,,,,,,,,,,,,,,,,,,,,
messy,,,,,,,,,,,,,,,,,,,,
miffed,,,,,,,,,,,,,,,,,,,,
miserable,,,,,,,,,,,,,,,,,,,,
misled,,,,,,,,,,,,,,,,,,,,
mistaken,,,,,,,,,,,,,,,,,,,,
mistreated,,,,,,,,,,,,,,,,,,,,
mistrusted,,,,,,,,,,,,,,,,,,,,
misunderstood,,,,,,,,,,,,,,,,,,,,
mixed-up,,,,,,,,,,,,,,,,,,,,
mocked,,,,,,,,,,,,,,,,,,,,
molested,,,,,,,,,,,,,,,,,,,,
moody,,,,,,,,,,,,,,,,,,,,
nagged,,,,,,,,,,,,,,,,,,,,
needy,,,,,,,,,,,,,,,,,,,,
negative,,,,,,,,,,,,,,,,,,,,
nervous,,,,,,,,,,,,,,,,,,,,
neurotic,,,,,,,,,,,,,,,,,,,,
nonconforming,,,,,,,,,,,,,,,,,,,,
numb,,,,,,,,,,,,,,,,,,,,
nuts,,,,,,,,,,,,,,,,,,,,
nutty,,,,,,,,,,,,,,,,,,,,
objectified,,,,,,,,,,,,,,,,,,,,
obligated,,,,,,,,,,,,,,,,,,,,
obsessed,,,,,,,,,,,,,,,,,,,,
obsessive,,,,,,,,,,,,,,,,,,,,
obstructed,,,,,,,,,,,,,,,,,,,,
odd,,,,,,,,,,,,,,,,,,,,
offended,,,,,,,,,,,,,,,,,,,,
on display,,,,,,,,,,,,,,,,,,,,
opposed,,,,,,,,,,,,,,,,,,,,
oppressed,,,,,,,,,,,,,,,,,,,,
out of place,,,,,,,,,,,,,,,,,,,,
out of touch,,,,,,,,,,,,,,,,,,,,
over-controlled,,,,,,,,,,,,,,,,,,,,
over-protected,,,,,,,,,,,,,,,,,,,,
overwhelmed,,,,,,,,,,,,,,,,,,,,
pain,,,,,,,,,,,,,,,,,,,,
panic,,,,,,,,,,,,,,,,,,,,
paranoid,,,,,,,,,,,,,,,,,,,,
passive,,,,,,,,,,,,,,,,,,,,
pathetic,,,,,,,,,,,,,,,,,,,,
pessimistic,,,,,,,,,,,,,,,,,,,,
petrified,,,,,,,,,,,,,,,,,,,,
phony,,,,,,,,,,,,,,,,,,,,
picked on,,,,,,,,,,,,,,,,,,,,
pissed,,,,,,,,,,,,,,,,,,,,
pissed off,,,,,,,,,,,,,,,,,,,,
plain,,,,,,,,,,,,,,,,,,,,
played with,,,,,,,,,,,,,,,,,,,,
pooped,,,,,,,,,,,,,,,,,,,,
poor,,,,,,,,,,,,,,,,,,,,
powerless,,,,,,,,,,,,,,,,,,,,
pre-judged,,,,,,,,,,,,,,,,,,,,
preached to,,,,,,,,,,,,,,,,,,,,
preoccupied,,,,,,,,,,,,,,,,,,,,
predjudiced,,,,,,,,,,,,,,,,,,,,
pressured,,,,,,,,,,,,,,,,,,,,
prosecuted,,,,,,,,,,,,,,,,,,,,
provoked,,,,,,,,,,,,,,,,,,,,
psychopathic,,,,,,,,,,,,,,,,,,,,
psychotic,,,,,,,,,,,,,,,,,,,,
pulled apart,,,,,,,,,,,,,,,,,,,,
pulled back,,,,,,,,,,,,,,,,,,,,
punished,,,,,,,,,,,,,,,,,,,,
pushed,,,,,,,,,,,,,,,,,,,,
pushed away,,,,,,,,,,,,,,,,,,,,
put down,,,,,,,,,,,,,,,,,,,,
puzzled,,,,,,,,,,,,,,,,,,,,
quarrelsome,,,,,,,,,,,,,,,,,,,,
queer,,,,,,,,,,,,,,,,,,,,
questioned,,,,,,,,,,,,,,,,,,,,
quiet,,,,,,,,,,,,,,,,,,,,
rage,,,,,,,,,,,,,,,,,,,,
raped,,,,,,,,,,,,,,,,,,,,
rattled,,,,,,,,,,,,,,,,,,,,
regret,,,,,,,,,,,,,,,,,,,,
rejected,,,,,,,,,,,,,,,,,,,,
resented,,,,,,,,,,,,,,,,,,,,
resentful,,,,,,,,,,,,,,,,,,,,
responsible,,,,,,,,,,,,,,,,,,,,
retarded,,,,,,,,,,,,,,,,,,,,
revengeful,,,,,,,,,,,,,,,,,,,,
ridiculed,,,,,,,,,,,,,,,,,,,,
ridiculous,,,,,,,,,,,,,,,,,,,,
robbed,,,,,,,,,,,,,,,,,,,,
rotten,,,,,,,,,,,,,,,,,,,,
sad,,,,,,,,,,,,,,,,,,,,
sadistic,,,,,,,,,,,,,,,,,,,,
sarcastic,,,,,,,,,,,,,,,,,,,,
scared,,,,,,,,,,,,,,,,,,,,
scarred,,,,,,,,,,,,,,,,,,,,
screwed,,,,,,,,,,,,,,,,,,,,
screwed over,,,,,,,,,,,,,,,,,,,,
screwed up,,,,,,,,,,,,,,,,,,,,
self-centered,,,,,,,,,,,,,,,,,,,,
self-conscious,,,,,,,,,,,,,,,,,,,,
self-destructive,,,,,,,,,,,,,,,,,,,,
self-hatred,,,,,,,,,,,,,,,,,,,,
selfish,,,,,,,,,,,,,,,,,,,,
sensitive,,,,,,,,,,,,,,,,,,,,
shouted at,,,,,,,,,,,,,,,,,,,,
shy,,,,,,,,,,,,,,,,,,,,
singled-out,,,,,,,,,,,,,,,,,,,,
slow,,,,,,,,,,,,,,,,,,,,
small,,,,,,,,,,,,,,,,,,,,
smothered,,,,,,,,,,,,,,,,,,,,
snapped at,,,,,,,,,,,,,,,,,,,,
spiteful,,,,,,,,,,,,,,,,,,,,
stereotyped,,,,,,,,,,,,,,,,,,,,
strange,,,,,,,,,,,,,,,,,,,,
stressed,,,,,,,,,,,,,,,,,,,,
stretched,,,,,,,,,,,,,,,,,,,,
stuck,,,,,,,,,,,,,,,,,,,,
stupid,,,,,,,,,,,,,,,,,,,,
submissive,,,,,,,,,,,,,,,,,,,,
suffering,,,,,,,,,,,,,,,,,,,,
suffocated,,,,,,,,,,,,,,,,,,,,
suicidal,,,,,,,,,,,,,,,,,,,,
superficial,,,,,,,,,,,,,,,,,,,,
suppressed,,,,,,,,,,,,,,,,,,,,
suspicious,,,,,,,,,,,,,,,,,,,,
Unforgiving,,,,,,,,,,,,,,,,,,,,
Unconcerned,,,,,,,,,,,,,,,,,,,,
Timid,,,,,,,,,,,,,,,,,,,,
Vain,,,,,,,,,,,,,,,,,,,,